{
    "messenger": {
        "-LynxYWMCCE1O_BM75bU": {
            "author": "Spami",
            "content": "Hello are you there?"
        },
        "-LzWDG9aMXs6bG0-opUE": {
            "author": "Garry",
            "content": "Yes, whats up :?"
        },
        "-LzWDMNuoBgD6n8ynot9": {
            "author": "Spami",
            "content": "How are you? Long time no see? :)"
        },
        "-LzWdlNw-d93P9JlZR1z": {
            "author": "George",
            "content": "Hello, guys! :))"
        }
    }
}